title,image_link,price
Tenue Traditionnelle,https://sixpointneuf.innovebox.com/storage/app/public/4273/conversions/660169bbca904_88DC58A5-7450-4398-9614-80072FE4A4AD-thumb.jpg,80.000Fcfa
Tenue Traditionnelle,https://sixpointneuf.innovebox.com/storage/app/public/4272/conversions/660169bb713db_7CF03219-A82E-42E3-9C9C-02A41D3B85B9-thumb.jpg,80.000Fcfa
Tenue Traditionnelle,https://sixpointneuf.innovebox.com/storage/app/public/4255/conversions/660169b208807_6B2F21BF-DFF5-4D72-850F-AF89182D0182-thumb.jpg,80.000Fcfa
Tenue Traditionnelle,https://sixpointneuf.innovebox.com/storage/app/public/4254/conversions/660169b18cc33_D2653FC1-8253-4A03-B6FC-A659B0DBF04C-thumb.jpg,80.000Fcfa
Tenue Traditionnelle,https://sixpointneuf.innovebox.com/storage/app/public/4247/conversions/660169adef5fc_7AE39296-DC8B-4D8D-92D0-4F53B5CC57F0-thumb.jpg,80.000Fcfa
Tenue Traditionnelle,https://sixpointneuf.innovebox.com/storage/app/public/4246/conversions/660169adaa9ac_A4C9357E-F71E-4D96-AEC4-BE5934EDF39D-thumb.jpg,80.000Fcfa
N/A,https://sixpointneuf.innovebox.com/storage/app/public/3605/conversions/65024f1e63394_IMG_9385-thumb.jpg,60.000Fcfa
Tenue Traditionnelle,https://sixpointneuf.innovebox.com/storage/app/public/3602/conversions/6500f584a4d54_IMG_0705-thumb.jpg,60.000Fcfa
Tenue Traditionnelle,https://sixpointneuf.innovebox.com/storage/app/public/3601/conversions/6500f583d7694_IMG_0700-thumb.jpg,60.000Fcfa
N/A,https://sixpointneuf.innovebox.com/storage/app/public/3600/conversions/6500f5826320d_IMG_0715-thumb.jpg,60.000Fcfa
Tenue Traditionnelle,https://sixpointneuf.innovebox.com/storage/app/public/3599/conversions/6500f5822f753_IMG_0737-thumb.jpg,60.000Fcfa
N/A,https://sixpointneuf.innovebox.com/storage/app/public/3598/conversions/6500f58032758_IMG_0744-thumb.jpg,60.000Fcfa
N/A,https://sixpointneuf.innovebox.com/storage/app/public/3597/conversions/6500f57ede458_IMG_0777-thumb.jpg,60.000Fcfa
Tenue Traditionnelle,https://sixpointneuf.innovebox.com/storage/app/public/3596/conversions/6500f57d075ef_IMG_0775-thumb.jpg,60.000Fcfa
N/A,https://sixpointneuf.innovebox.com/storage/app/public/3595/conversions/6500f57c82a8a_IMG_0755-thumb.jpg,60.000Fcfa
Tenue Traditionnelle,https://sixpointneuf.innovebox.com/storage/app/public/3594/conversions/6500f579822e3_IMG_0810-thumb.jpg,60.000Fcfa
Tenue Traditionnelle,https://sixpointneuf.innovebox.com/storage/app/public/3593/conversions/6500f57983710_IMG_0793-thumb.jpg,60.000Fcfa
N/A,https://sixpointneuf.innovebox.com/storage/app/public/3591/conversions/64ff9b43b82cb_IMG_0605-thumb.jpg,60.000Fcfa
N/A,https://sixpointneuf.innovebox.com/storage/app/public/3590/conversions/64ff9b430ecbe_IMG_0616-thumb.jpg,60.000Fcfa
Tenue Traditionnelle,https://sixpointneuf.innovebox.com/storage/app/public/3589/conversions/64ff9b41cd109_IMG_0563-thumb.jpg,60.000Fcfa
N/A,https://sixpointneuf.innovebox.com/storage/app/public/3588/conversions/64ff9b40e80ce_IMG_0567-thumb.jpg,60.000Fcfa
N/A,https://sixpointneuf.innovebox.com/storage/app/public/3587/conversions/64ff9b3d39946_IMG_0575-thumb.jpg,60.000Fcfa
N/A,https://sixpointneuf.innovebox.com/storage/app/public/3586/conversions/64ff9b3cc3eff_IMG_0556-thumb.jpg,60.000Fcfa
Tenue Traditionnelle,https://sixpointneuf.innovebox.com/storage/app/public/3584/conversions/64ff9b3c022d3_IMG_0537-thumb.jpg,60.000Fcfa
Tenue Traditionnelle,https://sixpointneuf.innovebox.com/storage/app/public/3583/conversions/64fe063ebaf6c_IMG_0344-thumb.jpg,60.000Fcfa
Tenue Traditionnelle,https://sixpointneuf.innovebox.com/storage/app/public/3582/conversions/64fe063e8284b_IMG_0392-thumb.jpg,60.000Fcfa
N/A,https://sixpointneuf.innovebox.com/storage/app/public/3581/conversions/64fe063d894b2_IMG_0416-thumb.jpg,60.000Fcfa
N/A,https://sixpointneuf.innovebox.com/storage/app/public/3580/conversions/64fe063d1e4e1_IMG_0450-thumb.jpg,60.000Fcfa
N/A,https://sixpointneuf.innovebox.com/storage/app/public/3579/conversions/64fe063b85d3e_IMG_9410-thumb.jpg,60.000Fcfa
Tenue Traditionnelle,https://sixpointneuf.innovebox.com/storage/app/public/3578/conversions/64fe063aa6b06_IMG_0386-thumb.jpg,60.000Fcfa
Tenue Traditionnelle,https://sixpointneuf.innovebox.com/storage/app/public/3577/conversions/64fe063a54021_IMG_0354-thumb.jpg,60.000Fcfa
Tenue Traditionnelle,https://sixpointneuf.innovebox.com/storage/app/public/3576/conversions/64fe063a006cf_IMG_9404-thumb.jpg,60.000Fcfa
Tenue Traditionnelle,https://sixpointneuf.innovebox.com/storage/app/public/3575/conversions/64fe06398baf8_IMG_9424-thumb.jpg,60.000Fcfa
N/A,https://sixpointneuf.innovebox.com/storage/app/public/3574/conversions/64fe0638a0e96_IMG_9440-thumb.jpg,60.000Fcfa
N/A,https://sixpointneuf.innovebox.com/storage/app/public/3573/conversions/64fe063837314_IMG_0329-thumb.jpg,60.000Fcfa
N/A,https://sixpointneuf.innovebox.com/storage/app/public/3572/conversions/64fe0637b6b07_IMG_0295-thumb.jpg,60.000Fcfa
